date,nom,lat,lon,url,commentaire,type
2026-09-29,2026-09-29-17-04-22-026.jpg,48.1144437,-1.6731537,https://gurtsepaqrt87.github.io/gkr63x-g84zwo/photos/2026-09-29/2026-09-29-17-04-22-026.jpg,,photo
2026-09-29,2026-09-29-17-05-31-200.jpg,48.1145265566389,-1.6737895565,https://gurtsepaqrt87.github.io/gkr63x-g84zwo/photos/2026-09-29/2026-09-29-17-05-31-200.jpg,,photo
2026-09-29,2026-09-29-17-09-47-454.mp4,48.1126,-1.6776,https://gurtsepaqrt87.github.io/gkr63x-g84zwo/photos/2026-09-29/2026-09-29-17-09-47-454.mp4,,video
2026-09-29,2026-09-29-17-12-06-041.mp4,48.1102,-1.6783,https://gurtsepaqrt87.github.io/gkr63x-g84zwo/photos/2026-09-29/2026-09-29-17-12-06-041.mp4,,video
2026-09-29,2026-09-29-17-14-20-033.jpg,48.1093273,-1.6763773,https://gurtsepaqrt87.github.io/gkr63x-g84zwo/photos/2026-09-29/2026-09-29-17-14-20-033.jpg,,photo
2026-09-29,2026-09-29-17-16-59-976.jpg,48.1067136318611,-1.67605283516667,https://gurtsepaqrt87.github.io/gkr63x-g84zwo/photos/2026-09-29/2026-09-29-17-16-59-976.jpg,,photo
2026-09-29,2026-09-29-17-18-14-740.mp4,48.1056,-1.6755,https://gurtsepaqrt87.github.io/gkr63x-g84zwo/photos/2026-09-29/2026-09-29-17-18-14-740.mp4,,video
2026-09-29,2026-09-29-17-20-02-217.jpg,48.1041756,-1.6733382,https://gurtsepaqrt87.github.io/gkr63x-g84zwo/photos/2026-09-29/2026-09-29-17-20-02-217.jpg,,photo
2026-09-29,2026-09-29-17-22-42-837.mp4,48.1047,-1.6677,https://gurtsepaqrt87.github.io/gkr63x-g84zwo/photos/2026-09-29/2026-09-29-17-22-42-837.mp4,,video
2026-09-29,2026-09-29-17-24-11-407.jpg,48.1049101874722,-1.66607245541667,https://gurtsepaqrt87.github.io/gkr63x-g84zwo/photos/2026-09-29/2026-09-29-17-24-11-407.jpg,,photo
2026-09-29,2026-09-29-17-25-26-310.mp4,48.1044,-1.6642,https://gurtsepaqrt87.github.io/gkr63x-g84zwo/photos/2026-09-29/2026-09-29-17-25-26-310.mp4,,video
2026-09-22,2026-09-22-14-40-41-440.jpg,48.1214783,-2.1590056,https://gurtsepaqrt87.github.io/gkr63x-g84zwo/photos/2026-09-22/2026-09-22-14-40-41-440.jpg,,photo
2026-09-22,2026-09-22-14-44-03-676.jpg,48.1214437818889,-2.15901231538889,https://gurtsepaqrt87.github.io/gkr63x-g84zwo/photos/2026-09-22/2026-09-22-14-44-03-676.jpg,,photo
2026-09-22,2026-09-22-14-48-28-289.jpg,48.1149762585,-2.15930891016667,https://gurtsepaqrt87.github.io/gkr63x-g84zwo/photos/2026-09-22/2026-09-22-14-48-28-289.jpg,,photo
2026-09-22,2026-09-22-14-48-34-559.jpg,48.1149762585,-2.15930891016667,https://gurtsepaqrt87.github.io/gkr63x-g84zwo/photos/2026-09-22/2026-09-22-14-48-34-559.jpg,,photo
2026-09-22,2026-09-22-14-48-37-115.jpg,48.1149762585,-2.15930891016667,https://gurtsepaqrt87.github.io/gkr63x-g84zwo/photos/2026-09-22/2026-09-22-14-48-37-115.jpg,,photo
2026-09-22,2026-09-22-15-36-32-214.jpg,48.0932533472222,-2.05739257172222,https://gurtsepaqrt87.github.io/gkr63x-g84zwo/photos/2026-09-22/2026-09-22-15-36-32-214.jpg,,photo
2026-09-22,2026-09-22-16-02-09-085.jpg,48.0696764,-2.0173763,https://gurtsepaqrt87.github.io/gkr63x-g84zwo/photos/2026-09-22/2026-09-22-16-02-09-085.jpg,,photo
2026-09-22,2026-09-22-16-12-31-735.jpg,48.0674922,-2.0058994,https://gurtsepaqrt87.github.io/gkr63x-g84zwo/photos/2026-09-22/2026-09-22-16-12-31-735.jpg,,photo
2026-09-22,2026-09-22-16-19-10-813.jpg,48.0635805,-1.9878165,https://gurtsepaqrt87.github.io/gkr63x-g84zwo/photos/2026-09-22/2026-09-22-16-19-10-813.jpg,,photo
2026-09-22,2026-09-22-16-35-23-107.jpg,48.0361559557778,-1.95672637452778,https://gurtsepaqrt87.github.io/gkr63x-g84zwo/photos/2026-09-22/2026-09-22-16-35-23-107.jpg,,photo
2026-09-22,2026-09-22-16-42-12-368.jpg,48.0272856,-1.9504998,https://gurtsepaqrt87.github.io/gkr63x-g84zwo/photos/2026-09-22/2026-09-22-16-42-12-368.jpg,,photo
2026-09-22,2026-09-22-16-47-30-132.jpg,48.02477018225,-1.95406349127778,https://gurtsepaqrt87.github.io/gkr63x-g84zwo/photos/2026-09-22/2026-09-22-16-47-30-132.jpg,,photo
2026-09-22,2026-09-22-16-47-43-529.jpg,48.0248081873056,-1.95409302811111,https://gurtsepaqrt87.github.io/gkr63x-g84zwo/photos/2026-09-22/2026-09-22-16-47-43-529.jpg,,photo
2026-09-22,2026-09-22-16-47-51-631.jpg,48.0248081873056,-1.95409302811111,https://gurtsepaqrt87.github.io/gkr63x-g84zwo/photos/2026-09-22/2026-09-22-16-47-51-631.jpg,,photo
2026-09-22,2026-09-22-16-49-15-552.jpg,48.024544137,-1.95348599913889,https://gurtsepaqrt87.github.io/gkr63x-g84zwo/photos/2026-09-22/2026-09-22-16-49-15-552.jpg,,photo
2026-09-22,2026-09-22-16-49-24-671.jpg,48.0245047671389,-1.95345883533333,https://gurtsepaqrt87.github.io/gkr63x-g84zwo/photos/2026-09-22/2026-09-22-16-49-24-671.jpg,,photo
2026-09-22,2026-09-22-17-09-30-639.jpg,48.0448114957222,-1.90186794119444,https://gurtsepaqrt87.github.io/gkr63x-g84zwo/photos/2026-09-22/2026-09-22-17-09-30-639.jpg,,photo
2026-09-22,2026-09-22-18-00-55-460.jpg,48.0720652881111,-1.75846817030556,https://gurtsepaqrt87.github.io/gkr63x-g84zwo/photos/2026-09-22/2026-09-22-18-00-55-460.jpg,,photo
2026-09-22,2026-09-22-18-08-06-731.jpg,48.0861363,-1.7513669,https://gurtsepaqrt87.github.io/gkr63x-g84zwo/photos/2026-09-22/2026-09-22-18-08-06-731.jpg,,photo
2026-09-30,2026-09-30-09-27-44-800.jpg,48.1029042651389,-1.66218216302778,https://gurtsepaqrt87.github.io/gkr63x-g84zwo/photos/2026-09-30/2026-09-30-09-27-44-800.jpg,,photo
2026-09-30,2026-09-30-11-32-13-144.jpg,48.1476686680278,-1.31199627269444,https://gurtsepaqrt87.github.io/gkr63x-g84zwo/photos/2026-09-30/2026-09-30-11-32-13-144.jpg,,photo
2026-09-30,2026-09-30-11-32-19-281.jpg,48.1476875198056,-1.31195862730556,https://gurtsepaqrt87.github.io/gkr63x-g84zwo/photos/2026-09-30/2026-09-30-11-32-19-281.jpg,,photo
2026-09-30,2026-09-30-11-33-49-643.jpg,48.1471975936667,-1.31078237663889,https://gurtsepaqrt87.github.io/gkr63x-g84zwo/photos/2026-09-30/2026-09-30-11-33-49-643.jpg,,photo
2026-09-30,2026-09-30-11-38-19-975.jpg,48.1533157871667,-1.30685805394444,https://gurtsepaqrt87.github.io/gkr63x-g84zwo/photos/2026-09-30/2026-09-30-11-38-19-975.jpg,,photo
2026-09-30,2026-09-30-11-54-58-917.jpg,48.1454343862222,-1.25409152408333,https://gurtsepaqrt87.github.io/gkr63x-g84zwo/photos/2026-09-30/2026-09-30-11-54-58-917.jpg,,photo
2026-09-30,2026-09-30-11-55-36-224.jpg,48.1451792744722,-1.25387504363889,https://gurtsepaqrt87.github.io/gkr63x-g84zwo/photos/2026-09-30/2026-09-30-11-55-36-224.jpg,,photo
2026-09-30,2026-09-30-12-13-14-296.jpg,48.1556572,-1.2248385,https://gurtsepaqrt87.github.io/gkr63x-g84zwo/photos/2026-09-30/2026-09-30-12-13-14-296.jpg,,photo
2026-09-30,2026-09-30-12-26-39-442.jpg,48.1675257975556,-1.20492579736111,https://gurtsepaqrt87.github.io/gkr63x-g84zwo/photos/2026-09-30/2026-09-30-12-26-39-442.jpg,,photo
2026-09-30,2026-09-30-12-56-00-932.mp4,48.2034,-1.1461,https://gurtsepaqrt87.github.io/gkr63x-g84zwo/photos/2026-09-30/2026-09-30-12-56-00-932.mp4,,video
2026-09-30,2026-09-30-12-57-26-397.jpg,48.2032541642778,-1.14642098069444,https://gurtsepaqrt87.github.io/gkr63x-g84zwo/photos/2026-09-30/2026-09-30-12-57-26-397.jpg,,photo
2026-09-30,2026-09-30-12-57-45-702.jpg,48.2032432720556,-1.14636493891667,https://gurtsepaqrt87.github.io/gkr63x-g84zwo/photos/2026-09-30/2026-09-30-12-57-45-702.jpg,,photo
2026-09-30,2026-09-30-12-59-16-572.jpg,48.2037881458056,-1.1461080345,https://gurtsepaqrt87.github.io/gkr63x-g84zwo/photos/2026-09-30/2026-09-30-12-59-16-572.jpg,,photo
2026-09-30,2026-09-30-13-15-05-036.jpg,48.2145847966389,-1.16065048944444,https://gurtsepaqrt87.github.io/gkr63x-g84zwo/photos/2026-09-30/2026-09-30-13-15-05-036.jpg,,photo
2026-09-30,2026-09-30-13-18-25-610.jpg,48.2145645,-1.1606298,https://gurtsepaqrt87.github.io/gkr63x-g84zwo/photos/2026-09-30/2026-09-30-13-18-25-610.jpg,,photo
2026-09-30,2026-09-30-13-19-01-036.mp4,48.2146,-1.1606,https://gurtsepaqrt87.github.io/gkr63x-g84zwo/photos/2026-09-30/2026-09-30-13-19-01-036.mp4,,video
2026-09-30,2026-09-30-13-48-45-144.jpg,48.2145953,-1.1605555,https://gurtsepaqrt87.github.io/gkr63x-g84zwo/photos/2026-09-30/2026-09-30-13-48-45-144.jpg,,photo
